img_name,setting
abstract_karel-appel_488.jpg,abstract
abstract_jose-guerrero_5465.jpg,abstract
abstract_jimmy-ernst_4123.jpg,abstract
abstract_ronnie-landfield_7256.jpg,abstract
abstract_jo-baer_886.jpg,abstract
abstract_eugene-leroy_7611.jpg,abstract
abstract_john-cage_2306.jpg,abstract
abstract_wolfgang-laib_7229.jpg,abstract
abstract_morris-louis_7896.jpg,abstract
abstract_harriet-korman_7060.jpg,abstract
abstract_aki-kuroda_7214.jpg,abstract
abstract_jean-michel-atlan_775.jpg,abstract
abstract_nassos-daphnis_3056.jpg,abstract
abstract_ellsworth-kelly_6799.jpg,abstract
abstract_lee-bontecou_1928.jpg,abstract
abstract_rodolfo-arico_554.jpg,abstract
abstract_giacomo-balla_930.jpg,abstract
abstract_maki-haku_5568.jpg,abstract
abstract_genevieve-asse_747.jpg,abstract
abstract_rune-jansson_6348.jpg,abstract
abstract_moshe-kupferman_7152.jpg,abstract
abstract_mel-bochner_1800.jpg,abstract
abstract_david-kakabadze_6579.jpg,abstract
abstract_jean-le-moal_7452.jpg,abstract
abstract_carla-accardi_162.jpg,abstract
abstract_franz-kline_6974.jpg,abstract
abstract_josef-albers_318.jpg,abstract
abstract_otto-gustav-carlsund_2466.jpg,abstract
abstract_valerie-jaudon_6393.jpg,abstract
abstract_richard-paul-lohse_7860.jpg,abstract
abstract_alberto-magnelli_8073.jpg,abstract
abstract_vasile-dobrian_3657.jpg,abstract
abstract_josef-albers_301.jpg,abstract
abstract_eugene-leroy_7614.jpg,abstract
abstract_perle-fine_4470.jpg,abstract
abstract_john-ferren_4436.jpg,abstract
abstract_bernard-aubertin_812.jpg,abstract
abstract_jacoba-van-heemskerck_5748.jpg,abstract
abstract_robert-goodnough_5204.jpg,abstract
abstract_vladimir-loboda_7804.jpg,abstract
abstract_albert-bitran_1693.jpg,abstract
abstract_theo-van-doesburg_3715.jpg,abstract
abstract_carl-buchheister_2137.jpg,abstract
abstract_gunther-forg_4625.jpg,abstract
abstract_fernand-leger_7569.jpg,abstract
abstract_lajos-kassak_6669.jpg,abstract
abstract_atsuko-tanaka_799.jpg,abstract
abstract_rene-duvillier_3942.jpg,abstract
abstract_max-bill_1579.jpg,abstract
abstract_rodrigo-franzao_4778.jpg,abstract
abstract_jimmy-ernst_4119.jpg,abstract
abstract_lorser-feitelson_4352.jpg,abstract
abstract_joe-goode_5165.jpg,abstract
abstract_helen-frankenthaler_4764.jpg,abstract
abstract_jose-guerrero_5466.jpg,abstract
abstract_frank-bowling_2003.jpg,abstract
abstract_marcelle-cahn_2312.jpg,abstract
abstract_carsten-nicolai_452.jpg,abstract
abstract_andre-pierre-arnal_601.jpg,abstract
abstract_adalbert-erdeli_4086.jpg,abstract
abstract_thomas-downing_3881.jpg,abstract
abstract_joyce-kozloff_7085.jpg,abstract
abstract_xu-hongming_6035.jpg,abstract
abstract_victor-hugo_6140.jpg,abstract
abstract_gunther-gerzso_5020.jpg,abstract
abstract_lothar-charoux_2617.jpg,abstract
abstract_kuno-gonschior_5157.jpg,abstract
abstract_eugene-brands_2080.jpg,abstract
abstract_maki-haku_5595.jpg,abstract
abstract_martha-boto_1957.jpg,abstract
abstract_jean-arp_702.jpg,abstract
abstract_pedro-calapez_2363.jpg,abstract
abstract_christo-coetzee_2763.jpg,abstract
abstract_arshile-gorky_5265.jpg,abstract
abstract_peter-joseph_6538.jpg,abstract
abstract_raul-lozza_7960.jpg,abstract
abstract_yui-yaegashi_34.jpg,abstract
abstract_kazuo-shiraga_6744.jpg,abstract
abstract_ronnie-landfield_7279.jpg,abstract
abstract_andre-lanskoy_7362.jpg,abstract
abstract_mostafa-dashti_3089.jpg,abstract
abstract_jean-degottex_3446.jpg,abstract
abstract_francois-arnal_678.jpg,abstract
abstract_rene-duvillier_3953.jpg,abstract
abstract_gego_4937.jpg,abstract
abstract_gotthard-graubner_5346.jpg,abstract
abstract_paul-feeley_4302.jpg,abstract
abstract_adolf-fleischmann_4545.jpg,abstract
abstract_perle-fine_4480.jpg,abstract
abstract_bruno-cassinari_2510.jpg,abstract
abstract_sam-francis_4660.jpg,abstract
abstract_albert-bitran_1691.jpg,abstract
abstract_hans-hofmann_5965.jpg,abstract
abstract_genevieve-asse_757.jpg,abstract
abstract_jack-bush_2266.jpg,abstract
abstract_giacomo-balla_959.jpg,abstract
abstract_fritz-glarner_5113.jpg,abstract
abstract_sam-gilliam_5052.jpg,abstract
abstract_manabu-mabe_8013.jpg,abstract
abstract_william-baziotes_1327.jpg,abstract
abstract_willem-de-kooning_3319.jpg,abstract
abstract_yves-klein_6936.jpg,abstract
abstract_walter-battiss_1205.jpg,abstract
abstract_tihamer-gyarmathy_5526.jpg,abstract
abstract_bart-van-der-leck_7501.jpg,abstract
abstract_wade-guyton_5498.jpg,abstract
abstract_patrick-heron_5849.jpg,abstract
abstract_christo-coetzee_2762.jpg,abstract
abstract_willem-de-kooning_3300.jpg,abstract
abstract_kazuo-shiraga_6757.jpg,abstract
abstract_gherasim-luca_7971.jpg,abstract
abstract_gunther-forg_4611.jpg,abstract
abstract_thomas-downing_3870.jpg,abstract
abstract_gottfried-honegger_6006.jpg,abstract
abstract_gotthard-graubner_5340.jpg,abstract
abstract_andre-lanskoy_7331.jpg,abstract
abstract_jean-michel-basquiat_1193.jpg,abstract
abstract_charles-lapicque_7397.jpg,abstract
abstract_pat-lipsky_7775.jpg,abstract
abstract_max-bill_1569.jpg,abstract
abstract_jack-bush_2234.jpg,abstract
abstract_vasile-dobrian_3664.jpg,abstract
abstract_otto-freundlich_4803.jpg,abstract
abstract_natalia-goncharova_5144.jpg,abstract
abstract_wojciech-fangor_4257.jpg,abstract
abstract_andre-lanskoy_7330.jpg,abstract
abstract_lothar-charoux_2614.jpg,abstract
abstract_angelo-de-sousa_3327.jpg,abstract
abstract_constantin-flondor_4562.jpg,abstract
abstract_pat-lipsky_7760.jpg,abstract
abstract_ha-chong-hyun_83.jpg,abstract
abstract_lothar-charoux_2610.jpg,abstract
abstract_dan-christensen_2742.jpg,abstract
abstract_lilia-carrillo_2504.jpg,abstract
abstract_josef-albers_336.jpg,abstract
abstract_helmut-federle_4287.jpg,abstract
abstract_abdul-qader-al-raes_267.jpg,abstract
abstract_wassily-kandinsky_6614.jpg,abstract
abstract_andrzej-nowacki_64.jpg,abstract
abstract_bernard-cohen_2782.jpg,abstract
abstract_pierre-alechinsky_417.jpg,abstract
abstract_constantin-flondor_4558.jpg,abstract
abstract_tano-festa_4460.jpg,abstract
abstract_jean-degottex_3459.jpg,abstract
abstract_modest-cuixart_2986.jpg,abstract
abstract_nicholas-krushenick_7125.jpg,abstract
abstract_ralph-hotere_6052.jpg,abstract
abstract_edward-corbett_2875.jpg,abstract
abstract_al-held_5770.jpg,abstract
abstract_gherasim-luca_7972.jpg,abstract
abstract_morris-louis_7917.jpg,abstract
abstract_hakuin-ekaku_4066.jpg,abstract
abstract_bracha-l-ettinger_4220.jpg,abstract
abstract_tihamer-gyarmathy_5529.jpg,abstract
abstract_julius-bissier_1650.jpg,abstract
abstract_sam-gilliam_5084.jpg,abstract
abstract_cesar-domela_3770.jpg,abstract
abstract_jean-degottex_3461.jpg,abstract
abstract_umberto-boccioni_1794.jpg,abstract
abstract_aki-kuroda_7210.jpg,abstract
abstract_robert-goodnough_5215.jpg,abstract
abstract_horia-damian_3050.jpg,abstract
abstract_yayoi-kusama_7221.jpg,abstract
abstract_francis-bott_1993.jpg,abstract
abstract_constantin-flondor_4554.jpg,abstract
abstract_paul-feeley_4299.jpg,abstract
abstract_chicote-cfc_2653.jpg,abstract
abstract_vladimir-bonacic_1877.jpg,abstract
abstract_roger-bissi-re_1662.jpg,abstract
abstract_landon-mackenzie_8043.jpg,abstract
abstract_anni-albers_293.jpg,abstract
abstract_nassos-daphnis_3064.jpg,abstract
abstract_antonio-corpora_2903.jpg,abstract
abstract_maurice-esteve_4166.jpg,abstract
abstract_norman-bluhm_1742.jpg,abstract
abstract_ellsworth-kelly_6780.jpg,abstract
abstract_willem-de-kooning_3320.jpg,abstract
abstract_asger-jorn_6512.jpg,abstract
abstract_john-cage_2303.jpg,abstract
abstract_sonia-delaunay_3541.jpg,abstract
abstract_mathias-goeritz_5129.jpg,abstract
abstract_jean-arp_689.jpg,abstract
abstract_william-congdon_2855.jpg,abstract
abstract_david-burliuk_2195.jpg,abstract
abstract_erich-buchholz_2168.jpg,abstract
abstract_denise-green_5365.jpg,abstract
abstract_max-bill_1598.jpg,abstract
abstract_kazuo-shiraga_6760.jpg,abstract
abstract_eugene-brands_2051.jpg,abstract
abstract_rune-jansson_6346.jpg,abstract
abstract_edward-avedisian_823.jpg,abstract
abstract_carl-buchheister_2150.jpg,abstract
abstract_friedel-dzubas_4036.jpg,abstract
abstract_sam-francis_4693.jpg,abstract
abstract_terry-frost_4813.jpg,abstract
abstract_dan-christensen_2731.jpg,abstract
abstract_mario-ballocco_970.jpg,abstract
abstract_tomas-maldonado_8084.jpg,abstract
abstract_gary-wragg_109.jpg,abstract
abstract_fernand-leduc_7506.jpg,abstract
abstract_luciano-bartolini_1138.jpg,abstract
abstract_ellsworth-kelly_6793.jpg,abstract
abstract_martin-disler_3633.jpg,abstract
abstract_gunther-gerzso_5021.jpg,abstract
abstract_maurice-esteve_4197.jpg,abstract
abstract_arshile-gorky_5261.jpg,abstract
abstract_luis-feito_4387.jpg,abstract
abstract_yui-yaegashi_39.jpg,abstract
abstract_larry-bell_1389.jpg,abstract
abstract_rodolfo-arico_543.jpg,abstract
abstract_natalia-dumitresco_3930.jpg,abstract
abstract_anne-appleby_500.jpg,abstract
abstract_rodrigo-franzao_4782.jpg,abstract
abstract_wyndham-lewis_7660.jpg,abstract
abstract_aurel-cojan_2809.jpg,abstract
abstract_helen-frankenthaler_4713.jpg,abstract
abstract_dan-christensen_2723.jpg,abstract
abstract_chicote-cfc_2677.jpg,abstract
abstract_ellsworth-kelly_6805.jpg,abstract
abstract_ronnie-landfield_7276.jpg,abstract
abstract_rene-duvillier_3978.jpg,abstract
abstract_john-hoyland_6118.jpg,abstract
abstract_yves-klein_6962.jpg,abstract
abstract_paul-du-toit_3896.jpg,abstract
abstract_genevieve-asse_744.jpg,abstract
abstract_basil-beattie_1361.jpg,abstract
abstract_max-bill_1619.jpg,abstract
abstract_eugene-leroy_7600.jpg,abstract
abstract_michael-krebber_7121.jpg,abstract
abstract_gego_4930.jpg,abstract
abstract_paul-jenkins_6432.jpg,abstract
abstract_sam-gilliam_5098.jpg,abstract
abstract_fernando-calhau_2412.jpg,abstract
abstract_eva-hesse_5873.jpg,abstract
abstract_sam-francis_4689.jpg,abstract
abstract_jo-baer_890.jpg,abstract
abstract_lee-ufan_7516.jpg,abstract
abstract_mel-bochner_1801.jpg,abstract
abstract_ronnie-landfield_7262.jpg,abstract
abstract_albert-gleizes_5123.jpg,abstract
abstract_marcelle-loubchansky_7883.jpg,abstract
abstract_umberto-boccioni_1787.jpg,abstract
abstract_helen-frankenthaler_4758.jpg,abstract
abstract_willi-baumeister_1261.jpg,abstract
abstract_pierre-alechinsky_406.jpg,abstract
abstract_sol-lewitt_7697.jpg,abstract
abstract_fernando-calhau_2414.jpg,abstract
abstract_pat-lipsky_7767.jpg,abstract
abstract_sam-gilliam_5068.jpg,abstract
abstract_frank-lobdell_7797.jpg,abstract
abstract_romare-bearden_1358.jpg,abstract
abstract_yves-klein_6919.jpg,abstract
abstract_marcelle-cahn_2334.jpg,abstract
abstract_jean-francois-dubreuil_3904.jpg,abstract
abstract_franz-kline_6970.jpg,abstract
abstract_piero-dorazio_3823.jpg,abstract
abstract_tihamer-gyarmathy_5519.jpg,abstract
abstract_lilia-carrillo_2507.jpg,abstract
abstract_afro_216.jpg,abstract
abstract_gunther-forg_4637.jpg,abstract
abstract_richard-paul-lohse_7854.jpg,abstract
abstract_terry-frost_4839.jpg,abstract
abstract_maurice-esteve_4184.jpg,abstract
abstract_christian-eckart_4043.jpg,abstract
abstract_walter-darby-bannard_1032.jpg,abstract
abstract_hannelore-baron_1067.jpg,abstract
abstract_philip-guston_5490.jpg,abstract
abstract_leon-berkowitz_1439.jpg,abstract
abstract_frank-bowling_1996.jpg,abstract
abstract_jay-defeo_3422.jpg,abstract
abstract_perle-fine_4475.jpg,abstract
abstract_pat-lipsky_7768.jpg,abstract
abstract_charles-hinman_5888.jpg,abstract
abstract_sam-gilliam_5094.jpg,abstract
abstract_judy-chicago_2633.jpg,abstract
abstract_larry-bell_1375.jpg,abstract
abstract_pierre-alechinsky_375.jpg,abstract
abstract_richard-diebenkorn_3618.jpg,abstract
abstract_hans-hofmann_5940.jpg,abstract
abstract_julio-le-parc_7476.jpg,abstract
abstract_gaylen-gerber_4991.jpg,abstract
abstract_christo-coetzee_2757.jpg,abstract
abstract_gerhard-von-graevenitz_5338.jpg,abstract
abstract_martin-barre_1094.jpg,abstract
abstract_paul-klee_6849.jpg,abstract
abstract_giacomo-balla_947.jpg,abstract
abstract_alberto-biasi_1563.jpg,abstract
abstract_yui-yaegashi_36.jpg,abstract
abstract_charles-garabedian_4864.jpg,abstract
abstract_jean-rene-bazaine_1317.jpg,abstract
abstract_iseult-labote_49.jpg,abstract
abstract_pedro-calapez_2368.jpg,abstract
abstract_howard-hodgkin_5907.jpg,abstract
abstract_hans-hartung_5719.jpg,abstract
abstract_gaylen-gerber_4994.jpg,abstract
abstract_antonio-corpora_2920.jpg,abstract
abstract_modest-cuixart_3000.jpg,abstract
abstract_lorser-feitelson_4343.jpg,abstract
abstract_olivier-debre_3395.jpg,abstract
abstract_theo-van-doesburg_3738.jpg,abstract
abstract_bram-bogart_1859.jpg,abstract
abstract_stanley-boxer_2029.jpg,abstract
abstract_rodrigo-franzao_4788.jpg,abstract
abstract_john-ferren_4443.jpg,abstract
abstract_ronnie-landfield_7293.jpg,abstract
abstract_kazuaki-tanahashi_6714.jpg,abstract
abstract_julius-evola_4235.jpg,abstract
abstract_anne-appleby_522.jpg,abstract
abstract_robert-goodnough_5209.jpg,abstract
abstract_friedel-dzubas_4015.jpg,abstract
abstract_yui-yaegashi_32.jpg,abstract
abstract_ellsworth-kelly_6823.jpg,abstract
abstract_ozdemir-atlan_785.jpg,abstract
abstract_bernard-cohen_2778.jpg,abstract
abstract_gunther-forg_4613.jpg,abstract
abstract_gherasim-luca_7969.jpg,abstract
abstract_chicote-cfc_2646.jpg,abstract
abstract_samuel-buri_2181.jpg,abstract
abstract_heinz-mack_8026.jpg,abstract
abstract_genevieve-asse_761.jpg,abstract
abstract_li-huasheng_6131.jpg,abstract
abstract_marcelle-cahn_2321.jpg,abstract
abstract_ilka-gedo_4921.jpg,abstract
abstract_morris-louis_7918.jpg,abstract
abstract_bruno-jakob_6307.jpg,abstract
abstract_norman-bluhm_1738.jpg,abstract
abstract_aki-kuroda_7212.jpg,abstract
abstract_lygia-clark_2749.jpg,abstract
abstract_andre-lanskoy_7342.jpg,abstract
abstract_luciano-bartolini_1133.jpg,abstract
abstract_gene-davis_3174.jpg,abstract
abstract_bice-lazzari_7427.jpg,abstract
abstract_jack-bush_2259.jpg,abstract
abstract_helen-frankenthaler_4732.jpg,abstract
abstract_francis-bott_1980.jpg,abstract
abstract_andre-pierre-arnal_602.jpg,abstract
abstract_herman-de-vries_3356.jpg,abstract
abstract_richard-diebenkorn_3619.jpg,abstract
abstract_mathias-goeritz_5135.jpg,abstract
abstract_constantin-flondor_4570.jpg,abstract
abstract_walter-leblanc_7494.jpg,abstract
abstract_francis-bott_1992.jpg,abstract
abstract_nicolas-carone_2475.jpg,abstract
abstract_dale-hickey_5878.jpg,abstract
abstract_jean-fautrier_4279.jpg,abstract
abstract_gene-davis_3178.jpg,abstract
abstract_sol-lewitt_7690.jpg,abstract
abstract_ali-omar-ermes_4098.jpg,abstract
abstract_gene-davis_3148.jpg,abstract
abstract_bice-lazzari_7437.jpg,abstract
abstract_albert-irvin_6220.jpg,abstract
abstract_james-lee-byars_2281.jpg,abstract
abstract_bob-law_7415.jpg,abstract
abstract_piero-dorazio_3810.jpg,abstract
abstract_mathias-goeritz_5130.jpg,abstract
abstract_francois-arnal_669.jpg,abstract
abstract_alexander-liberman_7727.jpg,abstract
abstract_marcelle-loubchansky_7890.jpg,abstract
abstract_tomas-maldonado_8089.jpg,abstract
abstract_lee-bontecou_1950.jpg,abstract
abstract_maki-haku_5590.jpg,abstract
abstract_o-louis-guglielmi_5474.jpg,abstract
abstract_gary-wragg_115.jpg,abstract
abstract_richard-diebenkorn_3595.jpg,abstract
abstract_marcel-barbeau_1038.jpg,abstract
abstract_yui-yaegashi_43.jpg,abstract
abstract_moshe-kupferman_7147.jpg,abstract
abstract_luis-feito_4363.jpg,abstract
abstract_helen-frankenthaler_4755.jpg,abstract
abstract_frantisek-kupka_7185.jpg,abstract
abstract_paul-brach_2040.jpg,abstract
abstract_perle-fine_4493.jpg,abstract
abstract_paul-jenkins_6411.jpg,abstract
abstract_josef-albers_323.jpg,abstract
abstract_marcelle-loubchansky_7888.jpg,abstract
abstract_antonio-corpora_2909.jpg,abstract
abstract_tano-festa_4461.jpg,abstract
abstract_aurel-cojan_2797.jpg,abstract
abstract_julio-pomar_6554.jpg,abstract
abstract_rune-jansson_6359.jpg,abstract
abstract_frantisek-kupka_7189.jpg,abstract
abstract_francis-bott_1987.jpg,abstract
abstract_bice-lazzari_7438.jpg,abstract
abstract_friedel-dzubas_4005.jpg,abstract
abstract_fernand-leger_7537.jpg,abstract
abstract_william-congdon_2853.jpg,abstract
abstract_sol-lewitt_7683.jpg,abstract
abstract_raoul-de-keyser_3239.jpg,abstract
abstract_friedel-dzubas_3992.jpg,abstract
abstract_aurel-cojan_2807.jpg,abstract
abstract_pierre-alechinsky_418.jpg,abstract
abstract_tony-delap_3504.jpg,abstract
abstract_li-chevalier_7715.jpg,abstract
abstract_lothar-charoux_2622.jpg,abstract
abstract_paul-klee_6899.jpg,abstract
abstract_geta-bratescu_2097.jpg,abstract
abstract_enrico-donati_3789.jpg,abstract
abstract_georg-baselitz_1175.jpg,abstract
abstract_ralph-hotere_6048.jpg,abstract
abstract_max-bill_1601.jpg,abstract
abstract_jeremy-henderson_5802.jpg,abstract
abstract_goran-despotovski_138.jpg,abstract
abstract_theo-van-doesburg_3709.jpg,abstract
abstract_werner-haypeter_5746.jpg,abstract
abstract_ozdemir-atlan_784.jpg,abstract
abstract_jean-michel-basquiat_1182.jpg,abstract
abstract_johannes-itten_6288.jpg,abstract
abstract_rochelle-blumenfeld_1781.jpg,abstract
abstract_pierre-alechinsky_410.jpg,abstract
abstract_sol-lewitt_7705.jpg,abstract
abstract_jean-paul-jerome_6496.jpg,abstract
abstract_antonio-calderara_2397.jpg,abstract
abstract_rudolf-bauer_1221.jpg,abstract
abstract_chicote-cfc_2647.jpg,abstract
abstract_john-altoon_448.jpg,abstract
abstract_tihamer-gyarmathy_5502.jpg,abstract
abstract_peter-downsbrough_3891.jpg,abstract
abstract_lee-krasner_7097.jpg,abstract
abstract_max-bill_1578.jpg,abstract
abstract_rudolf-de-crignis_3219.jpg,abstract
abstract_luciano-bartolini_1144.jpg,abstract
abstract_marcelle-cahn_2318.jpg,abstract
abstract_auguste-herbin_5806.jpg,abstract
abstract_alekos-kontopoulos_7035.jpg,abstract
abstract_willem-de-kooning_3306.jpg,abstract
abstract_ali-omar-ermes_4092.jpg,abstract
abstract_herman-de-vries_3357.jpg,abstract
abstract_friedel-dzubas_4017.jpg,abstract
abstract_jean-michel-basquiat_1181.jpg,abstract
abstract_al-held_5761.jpg,abstract
abstract_mark-lancaster_7243.jpg,abstract
abstract_lynda-benglis_1404.jpg,abstract
abstract_jean-arp_698.jpg,abstract
abstract_paul-feeley_4310.jpg,abstract
abstract_olga-albizu_362.jpg,abstract
abstract_joe-goode_5174.jpg,abstract
abstract_franz-kline_6968.jpg,abstract
abstract_verena-loewensberg_7805.jpg,abstract
abstract_gaylen-gerber_4993.jpg,abstract
abstract_helen-frankenthaler_4750.jpg,abstract
abstract_alberto-burri_2200.jpg,abstract
abstract_nicolas-carone_2474.jpg,abstract
abstract_yaacov-agam_239.jpg,abstract
abstract_wassily-kandinsky_6608.jpg,abstract
abstract_leo-leuppi_7621.jpg,abstract
abstract_lee-krasner_7115.jpg,abstract
abstract_julio-pomar_6551.jpg,abstract
abstract_max-ernst_4145.jpg,abstract
abstract_sam-francis_4659.jpg,abstract
abstract_constantin-flondor_4579.jpg,abstract
abstract_adolf-fleischmann_4533.jpg,abstract
abstract_enrico-castellani_2523.jpg,abstract
abstract_wassily-kandinsky_6634.jpg,abstract
abstract_katsuhito-nishikawa_6688.jpg,abstract
abstract_johannes-jan-schoonhoven_6326.jpg,abstract
abstract_william-baziotes_1332.jpg,abstract
abstract_kim-tschang-yeul_6833.jpg,abstract
abstract_lawren-harris_5700.jpg,abstract
abstract_marcia-hafif_5539.jpg,abstract
abstract_friedel-dzubas_3999.jpg,abstract
abstract_charles-lapicque_7389.jpg,abstract
abstract_karl-otto-gotz_5303.jpg,abstract
abstract_andrzej-nowacki_61.jpg,abstract
abstract_bruno-jakob_6311.jpg,abstract
abstract_lee-bontecou_1916.jpg,abstract
abstract_jean-rene-bazaine_1301.jpg,abstract
abstract_wassily-kandinsky_6609.jpg,abstract
abstract_friedel-dzubas_4002.jpg,abstract
abstract_lee-ufan_7517.jpg,abstract
abstract_edna-andrade_457.jpg,abstract
abstract_el-lissitzky_4085.jpg,abstract
abstract_horacio-garcia-rossi_4874.jpg,abstract
abstract_ronnie-landfield_7282.jpg,abstract
abstract_ronnie-landfield_7266.jpg,abstract
abstract_andre-pierre-arnal_613.jpg,abstract
abstract_leo-leuppi_7617.jpg,abstract
abstract_mark-lancaster_7238.jpg,abstract
abstract_callum-innes_6196.jpg,abstract
abstract_antonio-asis_737.jpg,abstract
abstract_alexander-calder_2385.jpg,abstract
abstract_franz-kline_6978.jpg,abstract
abstract_christo-coetzee_2760.jpg,abstract
abstract_gunter-fruhtrunk_4841.jpg,abstract
abstract_paul-jenkins_6412.jpg,abstract
abstract_josef-albers_344.jpg,abstract
abstract_paul-brach_2035.jpg,abstract
abstract_max-bill_1613.jpg,abstract
abstract_perle-fine_4487.jpg,abstract
abstract_jean-michel-basquiat_1199.jpg,abstract
abstract_camille-graeser_5320.jpg,abstract
abstract_jean-arp_707.jpg,abstract
abstract_robert-barry_1100.jpg,abstract
abstract_dan-christensen_2722.jpg,abstract
abstract_corneille_2880.jpg,abstract
abstract_jimmy-ernst_4132.jpg,abstract
abstract_maxim-keyfman_25.jpg,abstract
abstract_frederick-hammersley_5645.jpg,abstract
abstract_gunther-forg_4620.jpg,abstract
abstract_jimmy-ernst_4120.jpg,abstract
abstract_lothar-charoux_2619.jpg,abstract
77.jpg,man_made
213.jpg,man_made
48.jpg,man_made
53.jpg,man_made
200.jpg,man_made
200.jpg,man_made
305.jpg,man_made
137.jpg,man_made
205.jpg,man_made
217.jpg,man_made
10.jpg,man_made
277.jpg,man_made
88.jpg,man_made
177.jpg,man_made
227.jpg,man_made
400.jpg,man_made
437.jpg,man_made
46.jpg,man_made
18.jpg,man_made
111.jpg,man_made
54.jpg,man_made
477.jpg,man_made
177.jpg,man_made
498.jpg,man_made
125.jpg,man_made
77.jpg,man_made
140.jpg,man_made
295.jpg,man_made
20.jpg,man_made
180.jpg,man_made
140.jpg,man_made
149.jpg,man_made
153.jpg,man_made
394.jpg,man_made
47.jpg,man_made
75.jpg,man_made
299.jpg,man_made
9.jpg,man_made
25.jpg,man_made
162.jpg,man_made
143.jpg,man_made
293.jpg,man_made
167.jpg,man_made
51.jpg,man_made
85.jpg,man_made
159.jpg,man_made
373.jpg,man_made
73.jpg,man_made
161.jpg,man_made
102.jpg,man_made
207.jpg,man_made
13.jpg,man_made
260.jpg,man_made
366.jpg,man_made
9.jpg,man_made
79.jpg,man_made
74.jpg,man_made
92.jpg,man_made
444.jpg,man_made
301.jpg,man_made
179.jpg,man_made
259.jpg,man_made
216.jpg,man_made
209.jpg,man_made
199.jpg,man_made
181.jpg,man_made
372.jpg,man_made
166.jpg,man_made
21.jpg,man_made
462.jpg,man_made
59.jpg,man_made
220.jpg,man_made
374.jpg,man_made
11.jpg,man_made
204.jpg,man_made
41.jpg,man_made
215.jpg,man_made
34.jpg,man_made
182.jpg,man_made
54.jpg,man_made
461.jpg,man_made
98.jpg,man_made
90.jpg,man_made
175.jpg,man_made
470.jpg,man_made
362.jpg,man_made
340.jpg,man_made
87.jpg,man_made
63.jpg,man_made
474.jpg,man_made
403.jpg,man_made
514.jpg,man_made
287.jpg,man_made
83.jpg,man_made
35.jpg,man_made
247.jpg,man_made
4.jpg,man_made
266.jpg,man_made
442.jpg,man_made
401.jpg,man_made
399.jpg,man_made
416.jpg,man_made
176.jpg,man_made
509.jpg,man_made
151.jpg,man_made
393.jpg,man_made
139.jpg,man_made
141.jpg,man_made
17.jpg,man_made
52.jpg,man_made
389.jpg,man_made
221.jpg,man_made
463.jpg,man_made
84.jpg,man_made
132.jpg,man_made
50.jpg,man_made
192.jpg,man_made
290.jpg,man_made
70.jpg,man_made
203.jpg,man_made
156.jpg,man_made
427.jpg,man_made
101.jpg,man_made
71.jpg,man_made
93.jpg,man_made
303.jpg,man_made
471.jpg,man_made
465.jpg,man_made
424.jpg,man_made
107.jpg,man_made
431.jpg,man_made
256.jpg,man_made
2.jpg,man_made
253.jpg,man_made
359.jpg,man_made
258.jpg,man_made
432.jpg,man_made
409.jpg,man_made
144.jpg,man_made
105.jpg,man_made
130.jpg,man_made
74.jpg,man_made
187.jpg,man_made
98.jpg,man_made
223.jpg,man_made
367.jpg,man_made
377.jpg,man_made
154.jpg,man_made
292.jpg,man_made
58.jpg,man_made
27.jpg,man_made
128.jpg,man_made
353.jpg,man_made
38.jpg,man_made
497.jpg,man_made
489.jpg,man_made
138.jpg,man_made
158.jpg,man_made
490.jpg,man_made
254.jpg,man_made
443.jpg,man_made
178.jpg,man_made
196.jpg,man_made
217.jpg,man_made
195.jpg,man_made
412.jpg,man_made
96.jpg,man_made
94.jpg,man_made
270.jpg,man_made
232.jpg,man_made
24.jpg,man_made
92.jpg,man_made
369.jpg,man_made
381.jpg,man_made
99.jpg,man_made
284.jpg,man_made
118.jpg,man_made
62.jpg,man_made
17.jpg,man_made
289.jpg,man_made
96.jpg,man_made
83.jpg,man_made
149.jpg,man_made
170.jpg,man_made
172.jpg,man_made
102.jpg,man_made
142.jpg,man_made
190.jpg,man_made
279.jpg,man_made
354.jpg,man_made
154.jpg,man_made
518.jpg,man_made
331.jpg,man_made
502.jpg,man_made
326.jpg,man_made
222.jpg,man_made
212.jpg,man_made
467.jpg,man_made
450.jpg,man_made
343.jpg,man_made
2.jpg,man_made
13.jpg,man_made
33.jpg,man_made
22.jpg,man_made
193.jpg,man_made
420.jpg,man_made
45.jpg,man_made
68.jpg,man_made
0.jpg,man_made
5.jpg,man_made
15.jpg,man_made
131.jpg,man_made
167.jpg,man_made
37.jpg,man_made
89.jpg,man_made
15.jpg,man_made
422.jpg,man_made
126.jpg,man_made
179.jpg,man_made
302.jpg,man_made
364.jpg,man_made
417.jpg,man_made
239.jpg,man_made
368.jpg,man_made
117.jpg,man_made
246.jpg,man_made
81.jpg,man_made
110.jpg,man_made
209.jpg,man_made
236.jpg,man_made
31.jpg,man_made
513.jpg,man_made
33.jpg,man_made
387.jpg,man_made
441.jpg,man_made
506.jpg,man_made
488.jpg,man_made
147.jpg,man_made
269.jpg,man_made
67.jpg,man_made
185.jpg,man_made
198.jpg,man_made
49.jpg,man_made
486.jpg,man_made
446.jpg,man_made
159.jpg,man_made
267.jpg,man_made
358.jpg,man_made
119.jpg,man_made
218.jpg,man_made
72.jpg,man_made
211.jpg,man_made
95.jpg,man_made
249.jpg,man_made
491.jpg,man_made
348.jpg,man_made
242.jpg,man_made
452.jpg,man_made
237.jpg,man_made
291.jpg,man_made
439.jpg,man_made
186.jpg,man_made
325.jpg,man_made
1.jpg,man_made
212.jpg,man_made
132.jpg,man_made
152.jpg,man_made
308.jpg,man_made
113.jpg,man_made
318.jpg,man_made
322.jpg,man_made
103.jpg,man_made
415.jpg,man_made
335.jpg,man_made
29.jpg,man_made
118.jpg,man_made
110.jpg,man_made
423.jpg,man_made
459.jpg,man_made
157.jpg,man_made
184.jpg,man_made
273.jpg,man_made
99.jpg,man_made
101.jpg,man_made
202.jpg,man_made
230.jpg,man_made
59.jpg,man_made
40.jpg,man_made
233.jpg,man_made
111.jpg,man_made
105.jpg,man_made
36.jpg,man_made
117.jpg,man_made
28.jpg,man_made
145.jpg,man_made
263.jpg,man_made
76.jpg,man_made
173.jpg,man_made
493.jpg,man_made
43.jpg,man_made
170.jpg,man_made
120.jpg,man_made
346.jpg,man_made
155.jpg,man_made
184.jpg,man_made
109.jpg,man_made
515.jpg,man_made
386.jpg,man_made
174.jpg,man_made
189.jpg,man_made
271.jpg,man_made
161.jpg,man_made
218.jpg,man_made
84.jpg,man_made
89.jpg,man_made
426.jpg,man_made
402.jpg,man_made
317.jpg,man_made
185.jpg,man_made
511.jpg,man_made
429.jpg,man_made
309.jpg,man_made
395.jpg,man_made
235.jpg,man_made
261.jpg,man_made
171.jpg,man_made
157.jpg,man_made
231.jpg,man_made
174.jpg,man_made
418.jpg,man_made
356.jpg,man_made
264.jpg,man_made
26.jpg,man_made
208.jpg,man_made
91.jpg,man_made
199.jpg,man_made
197.jpg,man_made
169.jpg,man_made
483.jpg,man_made
119.jpg,man_made
48.jpg,man_made
396.jpg,man_made
116.jpg,man_made
82.jpg,man_made
350.jpg,man_made
238.jpg,man_made
332.jpg,man_made
187.jpg,man_made
49.jpg,man_made
55.jpg,man_made
188.jpg,man_made
135.jpg,man_made
379.jpg,man_made
173.jpg,man_made
151.jpg,man_made
210.jpg,man_made
183.jpg,man_made
123.jpg,man_made
6.jpg,man_made
1.jpg,man_made
198.jpg,man_made
286.jpg,man_made
357.jpg,man_made
137.jpg,man_made
334.jpg,man_made
112.jpg,man_made
94.jpg,man_made
5.jpg,man_made
370.jpg,man_made
8.jpg,man_made
175.jpg,man_made
492.jpg,man_made
220.jpg,man_made
352.jpg,man_made
194.jpg,man_made
87.jpg,man_made
113.jpg,man_made
342.jpg,man_made
129.jpg,man_made
81.jpg,man_made
26.jpg,man_made
64.jpg,man_made
168.jpg,man_made
265.jpg,man_made
78.jpg,man_made
95.jpg,man_made
109.jpg,man_made
248.jpg,man_made
228.jpg,man_made
434.jpg,man_made
206.jpg,man_made
226.jpg,man_made
14.jpg,man_made
320.jpg,man_made
156.jpg,man_made
225.jpg,man_made
115.jpg,man_made
127.jpg,man_made
20.jpg,man_made
144.jpg,man_made
484.jpg,man_made
160.jpg,man_made
196.jpg,man_made
35.jpg,man_made
201.jpg,man_made
172.jpg,man_made
168.jpg,man_made
130.jpg,man_made
51.jpg,man_made
32.jpg,man_made
516.jpg,man_made
505.jpg,man_made
221.jpg,man_made
223.jpg,man_made
203.jpg,man_made
136.jpg,man_made
316.jpg,man_made
361.jpg,man_made
449.jpg,man_made
100.jpg,man_made
116.jpg,man_made
419.jpg,man_made
499.jpg,man_made
133.jpg,man_made
38.jpg,man_made
186.jpg,man_made
500.jpg,man_made
195.jpg,man_made
479.jpg,man_made
22.jpg,man_made
360.jpg,man_made
226.jpg,man_made
188.jpg,man_made
251.jpg,man_made
344.jpg,man_made
328.jpg,man_made
153.jpg,man_made
82.jpg,man_made
165.jpg,man_made
66.jpg,man_made
214.jpg,man_made
298.jpg,man_made
219.jpg,man_made
321.jpg,man_made
127.jpg,man_made
282.jpg,man_made
191.jpg,man_made
425.jpg,man_made
313.jpg,man_made
408.jpg,man_made
163.jpg,man_made
73.jpg,man_made
456.jpg,man_made
6.jpg,man_made
107.jpg,man_made
7.jpg,man_made
406.jpg,man_made
21.jpg,man_made
29.jpg,man_made
413.jpg,man_made
347.jpg,man_made
323.jpg,man_made
169.jpg,man_made
14.jpg,man_made
245.jpg,man_made
517.jpg,man_made
380.jpg,man_made
378.jpg,man_made
448.jpg,man_made
108.jpg,man_made
311.jpg,man_made
314.jpg,man_made
36.jpg,man_made
421.jpg,man_made
319.jpg,man_made
104.jpg,man_made
67.jpg,man_made
152.jpg,man_made
224.jpg,man_made
30.jpg,man_made
243.jpg,man_made
86.jpg,man_made
337.jpg,man_made
62.jpg,man_made
229.jpg,man_made
224.jpg,man_made
134.jpg,man_made
114.jpg,man_made
503.jpg,man_made
158.jpg,man_made
222.jpg,man_made
510.jpg,man_made
365.jpg,man_made
453.jpg,man_made
375.jpg,man_made
495.jpg,man_made
61.jpg,man_made
182.jpg,man_made
315.jpg,man_made
00000026_(6).jpg,nature
00000143_(2).jpg,nature
00000354_(5).jpg,nature
00000183_(3).jpg,nature
00000440_(5).jpg,nature
00000835_(3).jpg,nature
00000437_(3).jpg,nature
00000126_(3).jpg,nature
00000522.jpg,nature
00000003_(2).jpg,nature
00000315.jpg,nature
00000213_(3).jpg,nature
00000190_(3).jpg,nature
00000197_(5).jpg,nature
00000082_(6).jpg,nature
00000330_(4).jpg,nature
00000333_(3).jpg,nature
00000152_(2).jpg,nature
00000124_(5).jpg,nature
00000092_(3).jpg,nature
00000431_(2).jpg,nature
00000159.jpg,nature
00000775_(2).jpg,nature
00000251_(2).jpg,nature
00000075_(6).jpg,nature
00000672_(2).jpg,nature
00000211_(3).jpg,nature
00000643_(2).jpg,nature
00000030_(6).jpg,nature
00000552_(2).jpg,nature
00000868_(3).jpg,nature
00000318_(4).jpg,nature
00000611.jpg,nature
00000677_(3).jpg,nature
00000551_(4).jpg,nature
00000633.jpg,nature
00000499.jpg,nature
00000203_(5).jpg,nature
00000839_(3).jpg,nature
00000729_(2).jpg,nature
00000022_(4).jpg,nature
00000769.jpg,nature
00000689_(2).jpg,nature
00000384_(4).jpg,nature
00000339_(6).jpg,nature
00000277.jpg,nature
00000013_(4).jpg,nature
00000214_(2).jpg,nature
00000551_(5).jpg,nature
00000453.jpg,nature
00000283_(2).jpg,nature
00000074_(6).jpg,nature
00000504_(2).jpg,nature
00000731_(3).jpg,nature
00000573_(3).jpg,nature
00000259_(4).jpg,nature
00000481_(3).jpg,nature
00000007_(6).jpg,nature
00000398_(3).jpg,nature
00000581_(3).jpg,nature
00000223_(4).jpg,nature
00000583_(2).jpg,nature
00000790.jpg,nature
00000109_(2).jpg,nature
00000292_(5).jpg,nature
00000004_(6).jpg,nature
00000796_(3).jpg,nature
00000582_(3).jpg,nature
00000319_(5).jpg,nature
00000315_(4).jpg,nature
00000781_(2).jpg,nature
00000302_(2).jpg,nature
00000268_(5).jpg,nature
00000477_(2).jpg,nature
00000042_(5).jpg,nature
00000544_(5).jpg,nature
00000517_(5).jpg,nature
00000312_(6).jpg,nature
00000540_(4).jpg,nature
00000824.jpg,nature
00000223_(6).jpg,nature
00000348_(5).jpg,nature
00000410_(3).jpg,nature
00000693.jpg,nature
00000680_(3).jpg,nature
00000087.jpg,nature
00000199_(3).jpg,nature
00000291_(6).jpg,nature
00000871_(3).jpg,nature
00000006_(5).jpg,nature
00000096_(3).jpg,nature
00000127_(5).jpg,nature
00000291.jpg,nature
00000205.jpg,nature
00000001_(4).jpg,nature
00000479_(2).jpg,nature
00000856_(3).jpg,nature
00000215_(5).jpg,nature
00000182_(5).jpg,nature
00000495_(2).jpg,nature
00000252_(2).jpg,nature
00000597_(4).jpg,nature
00000666_(2).jpg,nature
00000526_(5).jpg,nature
00000353.jpg,nature
00000527_(3).jpg,nature
00000533_(5).jpg,nature
00000229_(6).jpg,nature
00000239_(3).jpg,nature
00000296_(6).jpg,nature
00000372_(5).jpg,nature
00000438.jpg,nature
00000600_(3).jpg,nature
00000555_(2).jpg,nature
00000447_(4).jpg,nature
00000383.jpg,nature
00000811.jpg,nature
00000559_(4).jpg,nature
00000464_(2).jpg,nature
00000756.jpg,nature
00000248_(4).jpg,nature
00000455_(5).jpg,nature
00000852_(3).jpg,nature
00000010_(5).jpg,nature
00000412.jpg,nature
00000563_(2).jpg,nature
00000536_(5).jpg,nature
00000122_(5).jpg,nature
00000004_(5).jpg,nature
00000530_(2).jpg,nature
00000774.jpg,nature
00000306_(2).jpg,nature
00000582_(4).jpg,nature
00000082_(3).jpg,nature
00000414_(2).jpg,nature
00000503.jpg,nature
00000316.jpg,nature
00000692.jpg,nature
00000238_(3).jpg,nature
00000872.jpg,nature
00000047_(3).jpg,nature
00000342_(4).jpg,nature
00000569.jpg,nature
00000525_(5).jpg,nature
00000483.jpg,nature
00000047_(5).jpg,nature
00000155_(5).jpg,nature
00000298_(3).jpg,nature
00000490_(2).jpg,nature
00000385_(5).jpg,nature
00000115_(6).jpg,nature
00000722.jpg,nature
00000813_(3).jpg,nature
00000171.jpg,nature
00000044_(2).jpg,nature
00000349_(4).jpg,nature
00000435_(2).jpg,nature
00000457_(2).jpg,nature
00000659_(3).jpg,nature
00000340_(6).jpg,nature
00000565_(2).jpg,nature
00000265_(2).jpg,nature
00000547_(2).jpg,nature
00000683_(3).jpg,nature
00000778_(3).jpg,nature
00000484_(2).jpg,nature
00000823_(2).jpg,nature
00000420_(3).jpg,nature
00000188_(5).jpg,nature
00000126_(5).jpg,nature
00000437.jpg,nature
00000395_(5).jpg,nature
00000335_(2).jpg,nature
00000631_(2).jpg,nature
00000450_(5).jpg,nature
00000480_(5).jpg,nature
00000384_(5).jpg,nature
00000183_(2).jpg,nature
00000665_(3).jpg,nature
00000523_(3).jpg,nature
00000833_(3).jpg,nature
00000066_(6).jpg,nature
00000761_(2).jpg,nature
00000406_(3).jpg,nature
00000466_(3).jpg,nature
00000602_(3).jpg,nature
00000295.jpg,nature
00000259.jpg,nature
00000466_(5).jpg,nature
00000410_(4).jpg,nature
00000336_(6).jpg,nature
00000378_(5).jpg,nature
00000508_(2).jpg,nature
00000603_(2).jpg,nature
00000080_(3).jpg,nature
00000218_(4).jpg,nature
00000783_(2).jpg,nature
00000375_(5).jpg,nature
00000542_(5).jpg,nature
00000416_(2).jpg,nature
00000140_(6).jpg,nature
00000207_(5).jpg,nature
00000067_(3).jpg,nature
00000266_(6).jpg,nature
00000240_(3).jpg,nature
00000310_(3).jpg,nature
00000377_(3).jpg,nature
00000409.jpg,nature
00000896.jpg,nature
00000016.jpg,nature
00000419_(3).jpg,nature
00000132_(4).jpg,nature
00000234_(6).jpg,nature
00000208_(5).jpg,nature
00000505_(3).jpg,nature
00000230_(6).jpg,nature
00000247_(6).jpg,nature
00000153_(6).jpg,nature
00000858.jpg,nature
00000051_(4).jpg,nature
00000099_(6).jpg,nature
00000268.jpg,nature
00000179_(4).jpg,nature
00000291_(4).jpg,nature
00000267_(2).jpg,nature
00000671.jpg,nature
00000685_(3).jpg,nature
00000371_(6).jpg,nature
00000079_(6).jpg,nature
00000024_(5).jpg,nature
00000071_(6).jpg,nature
00000470_(3).jpg,nature
00000073.jpg,nature
00000157_(6).jpg,nature
00000748.jpg,nature
00000037_(4).jpg,nature
00000084_(3).jpg,nature
00000779.jpg,nature
00000041_(3).jpg,nature
00000061.jpg,nature
00000482_(4).jpg,nature
00000264_(6).jpg,nature
00000034_(2).jpg,nature
00000003.jpg,nature
00000122_(6).jpg,nature
00000103_(2).jpg,nature
00000327.jpg,nature
00000877.jpg,nature
00000695_(2).jpg,nature
00000048_(4).jpg,nature
00000047_(6).jpg,nature
00000001_(2).jpg,nature
00000202_(3).jpg,nature
00000274.jpg,nature
00000804.jpg,nature
00000870_(2).jpg,nature
00000307.jpg,nature
00000539_(5).jpg,nature
00000423_(2).jpg,nature
00000108_(5).jpg,nature
00000294_(6).jpg,nature
00000016_(7).jpg,nature
00000364_(3).jpg,nature
00000056_(5).jpg,nature
00000013_(6).jpg,nature
00000054.jpg,nature
00000417_(2).jpg,nature
00000730.jpg,nature
00000431_(4).jpg,nature
00000181_(3).jpg,nature
00000333_(4).jpg,nature
00000760_(2).jpg,nature
00000232_(2).jpg,nature
00000762.jpg,nature
00000301_(6).jpg,nature
00000252_(5).jpg,nature
00000138_(4).jpg,nature
00000383_(3).jpg,nature
00000436.jpg,nature
00000713.jpg,nature
00000322_(6).jpg,nature
00000314_(5).jpg,nature
00000196_(5).jpg,nature
00000012_(5).jpg,nature
00000556_(4).jpg,nature
00000698_(2).jpg,nature
00000196_(4).jpg,nature
00000864.jpg,nature
00000040_(5).jpg,nature
00000519_(4).jpg,nature
00000487_(4).jpg,nature
00000053_(4).jpg,nature
00000782.jpg,nature
00000668_(2).jpg,nature
00000599.jpg,nature
00000231.jpg,nature
00000770.jpg,nature
00000187.jpg,nature
00000856.jpg,nature
00000494.jpg,nature
00000078.jpg,nature
00000267.jpg,nature
00000360_(6).jpg,nature
00000080_(5).jpg,nature
00000214_(5).jpg,nature
00000510_(5).jpg,nature
00000567.jpg,nature
00000481_(5).jpg,nature
00000182_(3).jpg,nature
00000027_(6).jpg,nature
00000174_(5).jpg,nature
00000537_(4).jpg,nature
00000094.jpg,nature
00000070_(4).jpg,nature
00000299_(5).jpg,nature
00000684_(2).jpg,nature
00000775_(3).jpg,nature
00000446.jpg,nature
00000472_(5).jpg,nature
00000708_(3).jpg,nature
00000196_(6).jpg,nature
00000712_(2).jpg,nature
00000802_(3).jpg,nature
00000526.jpg,nature
00000518_(4).jpg,nature
00000360_(4).jpg,nature
00000551.jpg,nature
00000428_(3).jpg,nature
00000072_(6).jpg,nature
00000093_(5).jpg,nature
00000688_(3).jpg,nature
00000222_(5).jpg,nature
00000486_(5).jpg,nature
00000142_(4).jpg,nature
00000407_(5).jpg,nature
00000063_(5).jpg,nature
00000154_(3).jpg,nature
00000111_(6).jpg,nature
00000577.jpg,nature
00000805.jpg,nature
00000612.jpg,nature
00000407_(3).jpg,nature
00000146_(2).jpg,nature
00000542_(2).jpg,nature
00000367.jpg,nature
00000612_(3).jpg,nature
00000095_(2).jpg,nature
00000036.jpg,nature
00000124_(2).jpg,nature
00000498_(5).jpg,nature
00000025_(5).jpg,nature
00000531_(3).jpg,nature
00000030.jpg,nature
00000216.jpg,nature
00000203_(6).jpg,nature
00000200_(5).jpg,nature
00000203_(3).jpg,nature
00000644_(2).jpg,nature
00000238_(5).jpg,nature
00000168.jpg,nature
00000396_(3).jpg,nature
00000399_(2).jpg,nature
00000499_(4).jpg,nature
00000227.jpg,nature
00000392_(2).jpg,nature
00000819.jpg,nature
00000725_(2).jpg,nature
00000874_(3).jpg,nature
00000681_(2).jpg,nature
00000557_(2).jpg,nature
00000576_(3).jpg,nature
00000749_(2).jpg,nature
00000885.jpg,nature
00000393_(3).jpg,nature
00000768.jpg,nature
00000841_(2).jpg,nature
00000194_(6).jpg,nature
00000378.jpg,nature
00000047_(7).jpg,nature
00000038_(2).jpg,nature
00000888.jpg,nature
00000464_(3).jpg,nature
00000410.jpg,nature
00000211_(2).jpg,nature
00000428_(5).jpg,nature
00000199.jpg,nature
00000737_(2).jpg,nature
00000857_(2).jpg,nature
00000894_(2).jpg,nature
00000630_(3).jpg,nature
00000375.jpg,nature
00000116.jpg,nature
00000137_(5).jpg,nature
00000734_(3).jpg,nature
00000257.jpg,nature
00000844_(2).jpg,nature
00000047.jpg,nature
00000863_(3).jpg,nature
00000025.jpg,nature
00000196.jpg,nature
00000249_(3).jpg,nature
00000028_(3).jpg,nature
00000424_(3).jpg,nature
00000074.jpg,nature
00000138_(5).jpg,nature
00000309_(5).jpg,nature
00000738.jpg,nature
00000064_(7).jpg,nature
00000836_(2).jpg,nature
00000352_(6).jpg,nature
00000772.jpg,nature
00000425_(3).jpg,nature
00000290_(3).jpg,nature
00000119_(6).jpg,nature
00000586.jpg,nature
00000584_(2).jpg,nature
00000509_(5).jpg,nature
00000150_(6).jpg,nature
00000600.jpg,nature
00000549_(4).jpg,nature
00000086_(5).jpg,nature
00000134_(7).jpg,nature
00000739_(2).jpg,nature
00000265_(6).jpg,nature
00000023.jpg,nature
00000368_(2).jpg,nature
00000740.jpg,nature
00000701.jpg,nature
00000565_(4).jpg,nature
00000512.jpg,nature
00000648.jpg,nature
00000355_(6).jpg,nature
00000035.jpg,nature
00000404_(2).jpg,nature
00000355_(2).jpg,nature
00000161_(2).jpg,nature
00000583_(3).jpg,nature
00000418_(5).jpg,nature
00000023_(3).jpg,nature
00000778_(2).jpg,nature
00000026_(3).jpg,nature
00000070_(7).jpg,nature
00000566_(3).jpg,nature
00000029_(5).jpg,nature
00000549_(3).jpg,nature
00000611_(2).jpg,nature
00000282_(6).jpg,nature
00000350_(6).jpg,nature
00000516_(2).jpg,nature
00000650_(3).jpg,nature
00000527_(5).jpg,nature
00000257_(2).jpg,nature
00000191_(3).jpg,nature
00000657_(3).jpg,nature
00000060_(3).jpg,nature
00000278_(5).jpg,nature
00000272_(3).jpg,nature
00000882_(2).jpg,nature
00000809_(3).jpg,nature
00000694_(2).jpg,nature
00000050_(6).jpg,nature
00000068_(5).jpg,nature
00000312_(5).jpg,nature
00000043_(2).jpg,nature
00000266_(2).jpg,nature
00000419_(4).jpg,nature
00000211.jpg,nature
00000236_(6).jpg,nature
00000460_(3).jpg,nature
00000614_(2).jpg,nature
00000890.jpg,nature
00000686.jpg,nature
00000421_(4).jpg,nature
00000243_(3).jpg,nature
00000168_(2).jpg,nature
00000289_(3).jpg,nature
00000314_(3).jpg,nature
00000015_(5).jpg,nature
00000360_(3).jpg,nature
00000463_(4).jpg,nature
00000403_(3).jpg,nature
00000368_(4).jpg,nature
00000340_(5).jpg,nature
00000421_(5).jpg,nature
00000078_(2).jpg,nature
00000862.jpg,nature
00000093_(4).jpg,nature
00000284_(6).jpg,nature
00000227_(2).jpg,nature
00000158_(3).jpg,nature
00000528_(5).jpg,nature
00000237_(3).jpg,nature
00000484.jpg,nature
00000053_(6).jpg,nature
00000303_(6).jpg,nature
00000761_(3).jpg,nature
00000460_(5).jpg,nature
00000623_(3).jpg,nature
00000384_(3).jpg,nature
00000667.jpg,nature
1e9a3bbeb7.jpg,animals
7c92b7271f.jpg,animals
0fa81c2a30.jpg,animals
3ab0f6337c.jpg,animals
93c2a11901.jpg,animals
71756f7bd0.jpg,animals
735c8f3e30.jpg,animals
6f50c4d836.jpg,animals
5aff95b437.jpg,animals
2ee0c1dd20.jpg,animals
3d28692ff1.jpg,animals
0deef83be9.jpg,animals
1aaf570d5b.jpg,animals
957c3736fc.jpg,animals
0bfdef5725.jpg,animals
6f40c8fb9d.jpg,animals
92c30c59f8.jpg,animals
81c8c5f827.jpg,animals
3e9456b779.jpg,animals
684b815f3d.jpg,animals
4ab93b7296.jpg,animals
3b4b03a30b.jpg,animals
6f467da592.jpg,animals
432cfb1258.jpg,animals
23ccff6b83.jpg,animals
409ab5f2f9.jpg,animals
0de750893f.jpg,animals
5b3c8cbcb9.jpg,animals
2cc555b23c.jpg,animals
2a5ff2b0c9.jpg,animals
61fa60936d.jpg,animals
0a0300a234.jpg,animals
86de19863e.jpg,animals
4384ef0218.jpg,animals
2790b6f209.jpg,animals
7fe3f51cc8.jpg,animals
35ce530ff7.jpg,animals
78cf85897b.jpg,animals
0508f53f25.jpg,animals
3c7af6bff5.jpg,animals
13bc40b533.jpg,animals
63cc73548c.jpg,animals
72e629253b.jpg,animals
6c8d15eb65.jpg,animals
81def64446.jpg,animals
61df1f1dfe.jpg,animals
61e9fdcea7.jpg,animals
4c41d38226.jpg,animals
3de507dbb6.jpg,animals
2fc671a11e.jpg,animals
4c66fba940.jpg,animals
9f6160bc94.jpg,animals
927b07227b.jpg,animals
35aecee037.jpg,animals
3d64a8f546.jpg,animals
58c0fe09a7.jpg,animals
99c9f83443.jpg,animals
3ee1588420.jpg,animals
04dcd8aa35.jpg,animals
43677efc2f.jpg,animals
9e0742c4fe.jpg,animals
10dc291203.jpg,animals
06a5c874d7.jpg,animals
78c0646afd.jpg,animals
0df912089d.jpg,animals
4fab05f922.jpg,animals
5f85f5c650.jpg,animals
7a51112ebb.jpg,animals
0c6221bc77.jpg,animals
5a2d678016.jpg,animals
0a7783e87e.jpg,animals
00981a3b70.jpg,animals
5f01c34451.jpg,animals
96d7b11056.jpg,animals
76a897226f.jpg,animals
0d1f40d1e8.jpg,animals
4f39c4975a.jpg,animals
1ea50bb446.jpg,animals
7413365c3f.jpg,animals
9df1fd57cc.jpg,animals
3d5e48ca8b.jpg,animals
41a787d5b6.jpg,animals
2bf77c5a00.jpg,animals
43cb6ae6cc.jpg,animals
05aed12730.jpg,animals
2005eb9945.jpg,animals
3fd4f4b272.jpg,animals
37c3a8a10b.jpg,animals
20cf1bf2b7.jpg,animals
5a22c06e83.jpg,animals
400c63b9e5.jpg,animals
0aabace773.jpg,animals
3bdff7e0ed.jpg,animals
4ab488bbec.jpg,animals
1a7e08e47c.jpg,animals
8aa7f5afde.jpg,animals
62fc94b658.jpg,animals
46c11a4981.jpg,animals
8b18295177.jpg,animals
4a1a1443fa.jpg,animals
2c75c39ece.jpg,animals
1c54bfc0ab.jpg,animals
87c66fb1f6.jpg,animals
7c28f64ef4.jpg,animals
2a2c32906f.jpg,animals
264d564f02.jpg,animals
67dce4e834.jpg,animals
6fd5a961a1.jpg,animals
8e29f98a3b.jpg,animals
416b0f3220.jpg,animals
2b75b8692d.jpg,animals
616a7424e4.jpg,animals
30fb70cb93.jpg,animals
82a9875c4a.jpg,animals
96c5e35a54.jpg,animals
7a108603cd.jpg,animals
50ec617e59.jpg,animals
255dc31008.jpg,animals
a0ee6a748e.jpg,animals
1adacde458.jpg,animals
033c8c8787.jpg,animals
100f6809b6.jpg,animals
51f520b707.jpg,animals
4a4d6859cb.jpg,animals
24e5de99be.jpg,animals
8f4289e90a.jpg,animals
07c29966bd.jpg,animals
8e6af42711.jpg,animals
3cf5be5e24.jpg,animals
9b89be4a98.jpg,animals
36e6c35541.jpg,animals
5d342f46d0.jpg,animals
6b07eb8e99.jpg,animals
1a14d17c20.jpg,animals
45b248dfad.jpg,animals
580f62e0f1.jpg,animals
046ec0be71.jpg,animals
333dd0655b.jpg,animals
0d49b90978.jpg,animals
648af59ce9.jpg,animals
0373ac21ad.jpg,animals
2dd874e060.jpg,animals
86d096a7e8.jpg,animals
56ad8d6785.jpg,animals
5be4aca2ad.jpg,animals
08e4bc108d.jpg,animals
63d5c5887c.jpg,animals
79c78d4934.jpg,animals
2e830e4f04.jpg,animals
3eda87365e.jpg,animals
25c3f1238c.jpg,animals
a28d0d695d.jpg,animals
499be57e10.jpg,animals
2f02b7148c.jpg,animals
29ce8e1f65.jpg,animals
26f6dfabaf.jpg,animals
9ecd23671b.jpg,animals
89d144d4ba.jpg,animals
2aae9ae91c.jpg,animals
2d7dc1ddb5.jpg,animals
61d384ee68.jpg,animals
0c81d864f9.jpg,animals
85cb012dbc.jpg,animals
35e68b0489.jpg,animals
97d37cbde9.jpg,animals
64d895fa85.jpg,animals
7bfbd4056d.jpg,animals
0b25c7551c.jpg,animals
7f39cce989.jpg,animals
98e11bacad.jpg,animals
8f0db5d818.jpg,animals
30fe78ee54.jpg,animals
2efd71c54e.jpg,animals
1ca1398f52.jpg,animals
3c3099f0b0.jpg,animals
1a2eb8a14e.jpg,animals
6bc275c92e.jpg,animals
99e296bf48.jpg,animals
455ce6752d.jpg,animals
1d90c37474.jpg,animals
1ef4eeecc7.jpg,animals
862e2c6379.jpg,animals
77a94a1980.jpg,animals
94c1c94c29.jpg,animals
244482f870.jpg,animals
60e6114a8a.jpg,animals
69c5fe39d4.jpg,animals
0fb2e9aa81.jpg,animals
3ac0eb17a1.jpg,animals
5d3e08a042.jpg,animals
0ff9d3f29c.jpg,animals
22b46e503b.jpg,animals
5fb837c61b.jpg,animals
71e7414274.jpg,animals
7c7343703c.jpg,animals
3fb8127f2f.jpg,animals
150de5d9c4.jpg,animals
94ea667177.jpg,animals
056fd9df3e.jpg,animals
2a285c7664.jpg,animals
3e39bce8b8.jpg,animals
0d16effd0b.jpg,animals
4cc653ca8b.jpg,animals
134e3b63f4.jpg,animals
19e696bdd2.jpg,animals
8f25c19159.jpg,animals
3d41996928.jpg,animals
2d65a4dcc4.jpg,animals
96141d8d6f.jpg,animals
47ba24c2d3.jpg,animals
135f5680b3.jpg,animals
6dc4504d62.jpg,animals
68fa005f8c.jpg,animals
94be0c5a37.jpg,animals
4ea0e061b4.jpg,animals
5c3ecf6b76.jpg,animals
54a35665a7.jpg,animals
3ecb136036.jpg,animals
8c6d447198.jpg,animals
1d97de0bb2.jpg,animals
15b23c04b7.jpg,animals
354bd3a5b6.jpg,animals
57dbc9ea49.jpg,animals
6e369955c0.jpg,animals
3ca6c4b5db.jpg,animals
006e7b1af6.jpg,animals
445d41b480.jpg,animals
9fc6cd4fd0.jpg,animals
2bf93ecede.jpg,animals
5cf859bbf4.jpg,animals
92bd5a31ed.jpg,animals
0428fff264.jpg,animals
825d61c8b7.jpg,animals
6c5d1f2251.jpg,animals
0c57e72045.jpg,animals
66cd12c754.jpg,animals
634e23338e.jpg,animals
57c0958a8b.jpg,animals
3d625f9bf5.jpg,animals
721b4a1a21.jpg,animals
67dc417509.jpg,animals
66dd208475.jpg,animals
2c2523ed23.jpg,animals
56af56310b.jpg,animals
8b474f0900.jpg,animals
38abc92e4c.jpg,animals
87e45dce1f.jpg,animals
89ada8ac44.jpg,animals
3b52864adc.jpg,animals
6cddf4fea1.jpg,animals
04bee5f7e0.jpg,animals
a7ca234c14.jpg,animals
3bcf2188bc.jpg,animals
170fd0528c.jpg,animals
884bf8e8ab.jpg,animals
5a38442caf.jpg,animals
4e8b303dc1.jpg,animals
14d491115e.jpg,animals
7bba8e0f9d.jpg,animals
76f7cd4741.jpg,animals
33d985771f.jpg,animals
246abe489a.jpg,animals
4da5299c89.jpg,animals
8b583731f7.jpg,animals
103ac145e4.jpg,animals
7d59076173.jpg,animals
0cf51a4006.jpg,animals
9a51b258a3.jpg,animals
4a63810453.jpg,animals
4b85e8e877.jpg,animals
8ca024f90d.jpg,animals
3aa6ae4d73.jpg,animals
6ca023099a.jpg,animals
8da575dfda.jpg,animals
126f86a601.jpg,animals
03d6b6c8bf.jpg,animals
576a1e19fb.jpg,animals
4cf92af99d.jpg,animals
1ce147bf62.jpg,animals
09d035c85d.jpg,animals
c3c1700bc1.jpg,animals
4ffa9f872e.jpg,animals
61e6f6109c.jpg,animals
2a91fc6ffe.jpg,animals
21931f2df5.jpg,animals
8a368f972b.jpg,animals
042a0b5233.jpg,animals
105d4649cc.jpg,animals
1ea2e9e1da.jpg,animals
42e8d22e36.jpg,animals
133f6dd868.jpg,animals
92b85ece75.jpg,animals
87a5c700ad.jpg,animals
555f2ba341.jpg,animals
2ff9770317.jpg,animals
1e4a0fa6d8.jpg,animals
0a1a5a2140.jpg,animals
36b664fbf6.jpg,animals
6b6814c871.jpg,animals
7de3f2ba74.jpg,animals
81c72802ad.jpg,animals
5a5de9561b.jpg,animals
7d712e2025.jpg,animals
00ddea87ad.jpg,animals
590c32df87.jpg,animals
9c0aa57675.jpg,animals
489b21e13f.jpg,animals
0642b33245.jpg,animals
29bf2d96a8.jpg,animals
4f9c2e29c4.jpg,animals
351fc18170.jpg,animals
38dcca56f9.jpg,animals
8b6620efa8.jpg,animals
7ad4697892.jpg,animals
25fba7eb49.jpg,animals
73e3205b2c.jpg,animals
09d0fdaadd.jpg,animals
3b6c06d63f.jpg,animals
623ac25244.jpg,animals
18bf90ba80.jpg,animals
1c607cc478.jpg,animals
1ae9801eb0.jpg,animals
4e8e2735c6.jpg,animals
3e710d8da6.jpg,animals
11ccf63df4.jpg,animals
9a059979c1.jpg,animals
9715dabe96.jpg,animals
bf9da6afbc.jpg,animals
2fe9812e0d.jpg,animals
7ac3f35aef.jpg,animals
14f969291c.jpg,animals
87b07d4d50.jpg,animals
9bc9697203.jpg,animals
93b912564c.jpg,animals
7a7fdb0450.jpg,animals
58e1d5a93e.jpg,animals
117c2bd6d8.jpg,animals
13fcd75890.jpg,animals
1fcf053a00.jpg,animals
000d3a9260.jpg,animals
5c270099da.jpg,animals
9b6a2b1e8f.jpg,animals
51b1eee5f9.jpg,animals
2adad2224c.jpg,animals
9cdcad3179.jpg,animals
8acfbb76a1.jpg,animals
bd29c3ef9c.jpg,animals
85b1857ed6.jpg,animals
56ee3ca187.jpg,animals
03b6bcc9af.jpg,animals
25e773e479.jpg,animals
5d63b8fbe7.jpg,animals
0a2148e478.jpg,animals
5a66a61eba.jpg,animals
22d46c6f2d.jpg,animals
2fac13108c.jpg,animals
5ee486747c.jpg,animals
8c6b4eabca.jpg,animals
9bc6f19b04.jpg,animals
5a66222da1.jpg,animals
8a8b78c84f.jpg,animals
07ec9889aa.jpg,animals
3c82e731e0.jpg,animals
75c5a7ef88.jpg,animals
20a23cf2c7.jpg,animals
33cf8a44c3.jpg,animals
5fa4180079.jpg,animals
31d2bc8423.jpg,animals
74f09114bb.jpg,animals
3a83dfbaa3.jpg,animals
6e21804c31.jpg,animals
0cdfe9e85a.jpg,animals
0aad5539de.jpg,animals
3d657e1eb5.jpg,animals
8799b11abc.jpg,animals
04e45b23c1.jpg,animals
3c7f67c48c.jpg,animals
0bae7d6a26.jpg,animals
090234b385.jpg,animals
6d9fe24b0a.jpg,animals
8ae67d1a1a.jpg,animals
2dd69c8706.jpg,animals
8d8431cf81.jpg,animals
6f81260d1a.jpg,animals
11dcda034d.jpg,animals
72fab2ffef.jpg,animals
1a2dce7848.jpg,animals
20f59302f3.jpg,animals
33e136d4dc.jpg,animals
6c28066ea3.jpg,animals
514cd025fa.jpg,animals
6aa06f252d.jpg,animals
0bdb84b6c1.jpg,animals
1f73b47867.jpg,animals
322fd5cf0c.jpg,animals
4ff468c551.jpg,animals
0bc7f40ed3.jpg,animals
1cc23d3752.jpg,animals
29b3af6957.jpg,animals
56a9e1e52c.jpg,animals
5649b831d8.jpg,animals
385cd10acb.jpg,animals
3dc7df08bb.jpg,animals
5d7ba1d94c.jpg,animals
44b5622450.jpg,animals
165fd579e3.jpg,animals
07d41bb713.jpg,animals
68fe235aec.jpg,animals
28688a57a3.jpg,animals
0107bf9fa0.jpg,animals
2f73c07c44.jpg,animals
06e8962124.jpg,animals
9a4c1e2c27.jpg,animals
4e04eaba81.jpg,animals
84a0005c70.jpg,animals
24dd5cb3a6.jpg,animals
5f09f13ebf.jpg,animals
525733ebac.jpg,animals
8ded9df224.jpg,animals
7cfee2abc1.jpg,animals
4e79b3fbec.jpg,animals
82d357358c.jpg,animals
519d31370e.jpg,animals
9f1f10fc7b.jpg,animals
56b19e9dbc.jpg,animals
4aa4321e68.jpg,animals
281af01da9.jpg,animals
0b2adf35e0.jpg,animals
1e28d918cf.jpg,animals
28ffab0347.jpg,animals
6c21891a6f.jpg,animals
9d947e9d53.jpg,animals
05f072dffb.jpg,animals
7f3f1ddc56.jpg,animals
27eaa1ccdd.jpg,animals
89eeb3fb5a.jpg,animals
1aeb42b709.jpg,animals
1a4ffd8af3.jpg,animals
1c8a479812.jpg,animals
69d143759d.jpg,animals
01b09ede52.jpg,animals
1dd6d724c7.jpg,animals
7c9ff66c57.jpg,animals
0804c61c4d.jpg,animals
451579fd29.jpg,animals
38c6603160.jpg,animals
2a7ac1a149.jpg,animals
2c4dcd1d1e.jpg,animals
dc5501d26e.jpg,animals
86c96c8074.jpg,animals
9ef35af4e0.jpg,animals
8cbd20c75a.jpg,animals
b745eaea03.jpg,animals
190c2eacca.jpg,animals
9ced152535.jpg,animals
3f090f0f2a.jpg,animals
25f2fc1e5a.jpg,animals
467eed1be3.jpg,animals
4bac9ba217.jpg,animals
96bb2bd588.jpg,animals
9d21019336.jpg,animals
778a431a74.jpg,animals
4fb3fdaf9a.jpg,animals
449f4c549e.jpg,animals
7c74109d07.jpg,animals
91a189eafa.jpg,animals
2c23b537e2.jpg,animals
1b1080b026.jpg,animals
7ec05dd876.jpg,animals
3bc2b28fdd.jpg,animals
05c353dc52.jpg,animals
09b5303a6d.jpg,animals
3ac6b41fff.jpg,animals
2b8834aa72.jpg,animals
173fedc818.jpg,animals
71e89df4e0.jpg,animals
0e238d32f4.jpg,animals
2ea188865e.jpg,animals
2d9f6a7e8d.jpg,animals
02db20b76f.jpg,animals
9d13cf4d60.jpg,animals
0bef07f8f0.jpg,animals
15bc4ddf6d.jpg,animals
75f9633501.jpg,animals
24d121aeb9.jpg,animals
8776f48a39.jpg,animals
4a8f7357aa.jpg,animals
46c1b71d00.jpg,animals
68d85c376b.jpg,animals
9e2a9415dc.jpg,animals
28a1aa8cf6.jpg,animals
16bbc4b4dc.jpg,animals
9d22641e85.jpg,animals
0c6e50a236.jpg,animals
9de457b7db.jpg,animals
69c10b2e7b.jpg,animals
69ffc9f385.jpg,animals
309a27763a.jpg,animals
8daf3bf479.jpg,animals
7b796f7fea.jpg,animals
image_1580.jpg,people
image_278.jpg,people
image_2295.jpg,people
image_1750.jpg,people
image_2199.jpg,people
image_1730.jpg,people
image_1243.jpg,people
image_2259.jpg,people
image_2177.jpg,people
image_993.jpg,people
image_1803.jpg,people
image_521.jpg,people
image_1660.jpg,people
image_722.jpg,people
image_126.jpg,people
image_962.jpg,people
image_827.jpg,people
image_1499.jpg,people
image_1242.jpg,people
image_438.jpg,people
image_2400.jpg,people
image_427.jpg,people
image_510.jpg,people
image_38.jpg,people
image_1233.jpg,people
image_1301.jpg,people
image_1257.jpg,people
image_582.jpg,people
image_2497.jpg,people
image_54.jpg,people
image_194.jpg,people
image_2038.jpg,people
image_1631.jpg,people
image_513.jpg,people
image_855.jpg,people
image_1958.jpg,people
image_2330.jpg,people
image_1638.jpg,people
image_2243.jpg,people
image_2145.jpg,people
image_1275.jpg,people
image_860.jpg,people
image_1615.jpg,people
image_1277.jpg,people
image_2213.jpg,people
image_2143.jpg,people
image_621.jpg,people
image_942.jpg,people
image_464.jpg,people
image_939.jpg,people
image_214.jpg,people
image_1869.jpg,people
image_84.jpg,people
image_2144.jpg,people
image_1465.jpg,people
image_2267.jpg,people
image_360.jpg,people
image_416.jpg,people
image_750.jpg,people
image_1371.jpg,people
image_1782.jpg,people
image_309.jpg,people
image_1622.jpg,people
image_1304.jpg,people
image_1103.jpg,people
image_462.jpg,people
image_34.jpg,people
image_1807.jpg,people
image_2119.jpg,people
image_2485.jpg,people
image_1604.jpg,people
image_848.jpg,people
image_790.jpg,people
image_2481.jpg,people
image_519.jpg,people
image_2419.jpg,people
image_1698.jpg,people
image_2261.jpg,people
image_841.jpg,people
image_2053.jpg,people
image_2490.jpg,people
image_1483.jpg,people
image_58.jpg,people
image_1784.jpg,people
image_1556.jpg,people
image_1154.jpg,people
image_924.jpg,people
image_2211.jpg,people
image_200.jpg,people
image_1427.jpg,people
image_1682.jpg,people
image_844.jpg,people
image_1120.jpg,people
image_395.jpg,people
image_654.jpg,people
image_2278.jpg,people
image_1568.jpg,people
image_1674.jpg,people
image_2161.jpg,people
image_842.jpg,people
image_1056.jpg,people
image_1797.jpg,people
image_1057.jpg,people
image_1533.jpg,people
image_1975.jpg,people
image_2410.jpg,people
image_1069.jpg,people
image_861.jpg,people
image_1434.jpg,people
image_595.jpg,people
image_1868.jpg,people
image_369.jpg,people
image_1968.jpg,people
image_935.jpg,people
image_604.jpg,people
image_16.jpg,people
image_1551.jpg,people
image_298.jpg,people
image_1223.jpg,people
image_707.jpg,people
image_1819.jpg,people
image_774.jpg,people
image_2222.jpg,people
image_1014.jpg,people
image_2269.jpg,people
image_2013.jpg,people
image_2008.jpg,people
image_554.jpg,people
image_998.jpg,people
image_1581.jpg,people
image_1097.jpg,people
image_1555.jpg,people
image_932.jpg,people
image_1219.jpg,people
image_245.jpg,people
image_718.jpg,people
image_345.jpg,people
image_274.jpg,people
image_796.jpg,people
image_2023.jpg,people
image_584.jpg,people
image_2132.jpg,people
image_223.jpg,people
image_2187.jpg,people
image_1453.jpg,people
image_2059.jpg,people
image_209.jpg,people
image_2371.jpg,people
image_837.jpg,people
image_710.jpg,people
image_706.jpg,people
image_1909.jpg,people
image_1124.jpg,people
image_2395.jpg,people
image_889.jpg,people
image_716.jpg,people
image_756.jpg,people
image_267.jpg,people
image_1398.jpg,people
image_2150.jpg,people
image_290.jpg,people
image_1947.jpg,people
image_442.jpg,people
image_1190.jpg,people
image_610.jpg,people
image_1100.jpg,people
image_984.jpg,people
image_821.jpg,people
image_1475.jpg,people
image_655.jpg,people
image_1152.jpg,people
image_2188.jpg,people
image_1418.jpg,people
image_548.jpg,people
image_1089.jpg,people
image_631.jpg,people
image_712.jpg,people
image_142.jpg,people
image_851.jpg,people
image_2215.jpg,people
image_1148.jpg,people
image_1210.jpg,people
image_1195.jpg,people
image_486.jpg,people
image_779.jpg,people
image_847.jpg,people
image_761.jpg,people
image_2220.jpg,people
image_70.jpg,people
image_780.jpg,people
image_1599.jpg,people
image_762.jpg,people
image_1041.jpg,people
image_1255.jpg,people
image_1181.jpg,people
image_539.jpg,people
image_705.jpg,people
image_319.jpg,people
image_754.jpg,people
image_786.jpg,people
image_42.jpg,people
image_445.jpg,people
image_1027.jpg,people
image_1207.jpg,people
image_280.jpg,people
image_2447.jpg,people
image_1287.jpg,people
image_2438.jpg,people
image_1654.jpg,people
image_2329.jpg,people
image_322.jpg,people
image_1574.jpg,people
image_114.jpg,people
image_150.jpg,people
image_2286.jpg,people
image_177.jpg,people
image_863.jpg,people
image_2340.jpg,people
image_29.jpg,people
image_1049.jpg,people
image_1916.jpg,people
image_1621.jpg,people
image_572.jpg,people
image_182.jpg,people
image_1050.jpg,people
image_1264.jpg,people
image_268.jpg,people
image_1701.jpg,people
image_598.jpg,people
image_1391.jpg,people
image_618.jpg,people
image_115.jpg,people
image_1507.jpg,people
image_1468.jpg,people
image_2228.jpg,people
image_65.jpg,people
image_1827.jpg,people
image_423.jpg,people
image_1194.jpg,people
image_1095.jpg,people
image_426.jpg,people
image_612.jpg,people
image_1131.jpg,people
image_1424.jpg,people
image_368.jpg,people
image_1037.jpg,people
image_869.jpg,people
image_1932.jpg,people
image_2165.jpg,people
image_365.jpg,people
image_625.jpg,people
image_2108.jpg,people
image_1297.jpg,people
image_2076.jpg,people
image_1616.jpg,people
image_1537.jpg,people
image_1295.jpg,people
image_1906.jpg,people
image_2155.jpg,people
image_1149.jpg,people
image_75.jpg,people
image_2096.jpg,people
image_2113.jpg,people
image_1746.jpg,people
image_2163.jpg,people
image_748.jpg,people
image_1003.jpg,people
image_2033.jpg,people
image_859.jpg,people
image_1820.jpg,people
image_164.jpg,people
image_2268.jpg,people
image_982.jpg,people
image_2123.jpg,people
image_1910.jpg,people
image_1395.jpg,people
image_2492.jpg,people
image_1053.jpg,people
image_794.jpg,people
image_2133.jpg,people
image_988.jpg,people
image_284.jpg,people
image_1471.jpg,people
image_1841.jpg,people
image_747.jpg,people
image_1339.jpg,people
image_2117.jpg,people
image_1016.jpg,people
image_1133.jpg,people
image_2310.jpg,people
image_580.jpg,people
image_2277.jpg,people
image_482.jpg,people
image_1098.jpg,people
image_1904.jpg,people
image_1680.jpg,people
image_37.jpg,people
image_1350.jpg,people
image_702.jpg,people
image_2136.jpg,people
image_1650.jpg,people
image_1723.jpg,people
image_265.jpg,people
image_2428.jpg,people
image_555.jpg,people
image_490.jpg,people
image_97.jpg,people
image_1892.jpg,people
image_887.jpg,people
image_1299.jpg,people
image_564.jpg,people
image_1978.jpg,people
image_1653.jpg,people
image_542.jpg,people
image_235.jpg,people
image_903.jpg,people
image_2448.jpg,people
image_1558.jpg,people
image_819.jpg,people
image_1494.jpg,people
image_472.jpg,people
image_1548.jpg,people
image_1220.jpg,people
image_1950.jpg,people
image_343.jpg,people
image_147.jpg,people
image_1112.jpg,people
image_1733.jpg,people
image_95.jpg,people
image_2320.jpg,people
image_2115.jpg,people
image_644.jpg,people
image_2042.jpg,people
image_2325.jpg,people
image_1000.jpg,people
image_886.jpg,people
image_408.jpg,people
image_1528.jpg,people
image_2431.jpg,people
image_2379.jpg,people
image_481.jpg,people
image_2159.jpg,people
image_2317.jpg,people
image_161.jpg,people
image_1029.jpg,people
image_452.jpg,people
image_1470.jpg,people
image_1312.jpg,people
image_1363.jpg,people
image_522.jpg,people
image_2323.jpg,people
image_845.jpg,people
image_2073.jpg,people
image_257.jpg,people
image_2264.jpg,people
image_765.jpg,people
image_478.jpg,people
image_1349.jpg,people
image_1808.jpg,people
image_1088.jpg,people
image_1428.jpg,people
image_1178.jpg,people
image_1015.jpg,people
image_755.jpg,people
image_2454.jpg,people
image_1209.jpg,people
image_1926.jpg,people
image_1248.jpg,people
image_2021.jpg,people
image_1396.jpg,people
image_392.jpg,people
image_2221.jpg,people
image_2034.jpg,people
image_73.jpg,people
image_1472.jpg,people
image_2179.jpg,people
image_454.jpg,people
image_50.jpg,people
image_2247.jpg,people
image_1566.jpg,people
image_534.jpg,people
image_80.jpg,people
image_477.jpg,people
image_1467.jpg,people
image_771.jpg,people
image_1336.jpg,people
image_1065.jpg,people
image_1588.jpg,people
image_1421.jpg,people
image_2256.jpg,people
image_64.jpg,people
image_2362.jpg,people
image_1793.jpg,people
image_2043.jpg,people
image_74.jpg,people
image_768.jpg,people
image_1830.jpg,people
image_1600.jpg,people
image_2281.jpg,people
image_2436.jpg,people
image_2279.jpg,people
image_488.jpg,people
image_834.jpg,people
image_792.jpg,people
image_81.jpg,people
image_1945.jpg,people
image_1234.jpg,people
image_523.jpg,people
image_576.jpg,people
image_857.jpg,people
image_524.jpg,people
image_1930.jpg,people
image_1215.jpg,people
image_1918.jpg,people
image_964.jpg,people
image_1546.jpg,people
image_384.jpg,people
image_68.jpg,people
image_351.jpg,people
image_2499.jpg,people
image_2180.jpg,people
image_1773.jpg,people
image_911.jpg,people
image_1995.jpg,people
image_1359.jpg,people
image_1697.jpg,people
image_1425.jpg,people
image_1591.jpg,people
image_1135.jpg,people
image_867.jpg,people
image_129.jpg,people
image_970.jpg,people
image_2450.jpg,people
image_1813.jpg,people
image_153.jpg,people
image_678.jpg,people
image_440.jpg,people
image_1864.jpg,people
image_375.jpg,people
image_767.jpg,people
image_1175.jpg,people
image_662.jpg,people
image_1464.jpg,people
image_967.jpg,people
image_428.jpg,people
image_461.jpg,people
image_1937.jpg,people
image_1392.jpg,people
image_1821.jpg,people
image_2422.jpg,people
image_1801.jpg,people
image_835.jpg,people
image_86.jpg,people
image_699.jpg,people
image_1083.jpg,people
image_293.jpg,people
image_1199.jpg,people
image_1811.jpg,people
image_1786.jpg,people
image_1547.jpg,people
image_271.jpg,people
image_558.jpg,people
image_1448.jpg,people
image_242.jpg,people
image_18.jpg,people
image_2077.jpg,people
image_1270.jpg,people
image_769.jpg,people
image_413.jpg,people
image_216.jpg,people
image_1525.jpg,people
image_853.jpg,people
image_334.jpg,people
image_2174.jpg,people
image_1387.jpg,people
image_2118.jpg,people
image_873.jpg,people
image_1519.jpg,people
image_619.jpg,people
image_2207.jpg,people
image_2298.jpg,people
image_436.jpg,people
image_622.jpg,people
image_163.jpg,people
image_840.jpg,people
image_1123.jpg,people
image_1851.jpg,people
image_2417.jpg,people
image_1870.jpg,people
image_1116.jpg,people
image_630.jpg,people
image_2095.jpg,people
image_2318.jpg,people
image_965.jpg,people
image_243.jpg,people
image_1140.jpg,people
image_949.jpg,people
image_1563.jpg,people
image_2260.jpg,people
image_2421.jpg,people
